Location,Lat,Long,Fog1,Fog2,PictureUrl,Description
Statua di Pasquino, 41.897832155228, 12.471773, 1, 0, https://upload.wikimedia.org/wikipedia/commons/thumb/4/41/Pasquino.jpg/1200px-Pasquino.jpg, "Pasquino è la più celebre statua parlante di Roma, divenuta figura caratteristica della città fra il XVI ed il XIX secolo. Ai piedi della statua, ma più spesso al collo, si appendevano nella notte fogli contenenti satire in versi, dirette a farsi beffe anonimamente di personaggi pubblici più importanti.........Leggi di più su: https://it.wikipedia.org/wiki/Pasquino"
Foro Boario, 41.888815510125, 12.481269816898, 1, 0, https://www.capitolivm.it/wp-content/uploads/2015/11/forumboarium04.jpg, "Le forum Boarium (littéralement « marché aux bœufs ») est l'un des plus anciens forums romains. Ce forum est situé, dans la Rome antique, à proximité du Tibre dans le quartier du Vélabre, entre les collines du Capitole au nord, du Palatin à l'est et de l' Aventin au sud. Il se développe immédiatement au nord-ouest du Circus Maximus.........Leggi di più su: https://fr.wikipedia.org/wiki/Forum_Boarium"
Ponte Nomentano, 41.958065131488, 12.579208244344, 0, 0, https://upload.wikimedia.org/wikipedia/commons/e/e2/Ponte_nomentano_1.jpg, "The Ponte Nomentano (called Pons Lamentanus in the Middle Ages) is a Roman bridge in Rome, Italy, which carried the Via Nomentana over the Aniene (Latin: Anio). Having lain outside the city limits for most of its history, the picturesque bridge is noted for its medieval bridge tower, which served to protect this important northern approach to Rome. History. Ponte Nomentano by Giuseppe Vasi, c ...........Leggi di più su: https://en.wikipedia.org/wiki/Ponte_Nomentano"
Il Sepolcro degli Scipioni, 41.875671200561, 12.500578616969, 1, 0, http://4.bp.blogspot.com/-efGDE4RsOB0/TdjvN8RG6XI/AAAAAAAAAHI/lVX5fA4QYj0/s1600/Sepolcro_degli_Scipioni.gif, "Il sepolcro degli Scipioni è un monumento funerario di età romana che si trova a Roma, lungo la via Appia antica, poco distante dalla Porta San Sebastiano. Su alcuni sarcofagi ivi contenuti sono stati rinvenuti i cosiddetti Scipionum elogia.........Leggi di più su: https://it.wikipedia.org/wiki/Sepolcro_degli_Scipioni"
Tombe di Via Latina (Le), 41.866344711832, 12.535362848897, 1, 0, https://www.lifeinitaly.com/wp-content/uploads/2018/08/Parco_Tombe_della_Via_Latina_11.jpg, "Le parc des Tombes de la Via Latina, inclus dans le Parc de la Voie Appienne, est l'un des complexes funéraires les plus importants de la banlieue de Rome Skip to main content........Leggi di più su: https://www.rome-roma.net/parc-des-tombes-de-la-via-latina"
Fontana del Babuino, 41.907179679468, 12.477921349621, 0, 1, https://upload.wikimedia.org/wikipedia/commons/2/2e/Roma-fontana_del_babuino.jpg, "Fountain of the Baboon The Babuino fountain is located in the street of the same name. The fountain gets its name from the statue of Silenus, also known by the locals as Babuino, reclining on top of the basin. This statue is one of the "talking statues" of Rome.........Leggi di più su: https://www.tripadvisor.com/Attraction_Review-g187791-d10130075-Reviews-Fontana_del..."
Via delle Quattro Fontane, 41.90216531336, 12.490655008688, 0, 1, https://upload.wikimedia.org/wikipedia/commons/thumb/9/9d/QuattroFontane2.jpg/1200px-QuattroFontane2.jpg, "La Via delle Quattro Fontane est une rue du centre de Rome, qui part de la Piazza Barberini et mène à la Via Nazionale.Elle constitue la frontière entre les districts de Monti, de Trevi et de Castro Pretorio [1........Leggi di più su: https://fr.wikipedia.org/wiki/Via_delle_Quattro_Fontane"
Via Sistina, 41.904129606425, 12.486562728882, 0, 1, https://upload.wikimedia.org/wikipedia/commons/thumb/f/f4/Colonna-Campo_Marzio_-_via_Sistina_1600.JPG/1200px-Colonna-Campo_Marzio_-_via_Sistina_1600.JPG, "La <b>Via Sistina</b> est une rue du centre de Rome, qui relie la piazza Trinità dei Monti, avec la piazza Barberini.........Leggi di più su: https://fr.wikipedia.org/wiki/Via_Sistina"
Torre delle Milizie, 41.89636563065, 12.486875080169, 1, 0, https://upload.wikimedia.org/wikipedia/commons/8/88/Mercati_di_traiano%2C_torre_delle_milizie.JPG, "La Torre delle Milizie (« Tour des Milices ») est une tour fortifiée située en Italie à Rome, entre les marchés de Trajan et les forums impériaux à l'est, et l' université pontificale Saint-Thomas-d'Aquin, Angelicum à l'ouest. Elle se trouve donc sur le Quirinal. C'est la tour la plus ancienne de la Ville éternelle.........Leggi di più su: https://fr.wikipedia.org/wiki/Torre_delle_Milizie"
Fontana del Piazzale Konrad Adenauer, 41.836564419325, 12.469416237489, 0, 0, https://media-cdn.tripadvisor.com/media/photo-s/10/4e/f5/ae/fontana.jpg, "Fontana del Piazzale Konrad Adenauer, Rome: Address, Fontana del Piazzale Konrad Adenauer Reviews: 4/5. Europe ; Italy ; Lazio ; Rome ; Things to Do in Rome ; Fontana del Piazzale Konrad Adenauer; Search. COVID-19 Update: To limit the spread of the coronavirus, attractions may be closed or have partial closures. Please consult government travel advisories before booking. More information can ...........Leggi di più su: https://www.tripadvisor.com/Attraction_Review-g187791-d590950-Reviews-Fontana_del..."
Fontanelle dei Lampioni, 41.88489, 12.38244, 0, 0, http://files.spazioweb.it/aruba19868/image/dscn2125.jpg, "23 visitors have checked in at Fontanelle dei Lampioni. Foursquare uses cookies to provide you with an optimal experience, to personalize ads that you may see, and to help advertisers measure the results of their ad campaigns.........Leggi di più su: https://foursquare.com/v/fontanelle-dei-lampioni/4adcdac7f964a520a85321e3"
Fontana delle Tiare, 41.90259163692, 12.457379147212, 0, 1, https://upload.wikimedia.org/wikipedia/commons/2/28/Fontana_delle_Tiare.JPG, "FOUNTAIN OF THE TIARAS This easily missed fountain located along side Largo del Colonnato, was completed in 1927 and is made of travertine. 3 basins, each catching water from 2 Vatican keys. Atop the fountain are 4 tiaras. Good place to refill your water bottle.........Leggi di più su: https://www.tripadvisor.com/Attraction_Review-g187791-d10096995-Reviews-Fontana_delle..."
Porta del Popolo, 41.911541, 12.476027, 0, 1, http://upload.wikimedia.org/wikipedia/commons/d/d6/Porta_del_Popolo.JPG, "Porta del Popolo, outer façade Porta del Popolo is a gate of the Aurelian Walls in Rome (Italy). The current Porta del Popolo was built by Pope Sixtus IV for the Jubilee Year 1475 on the site of an ancient Roman gate which, at that time, was partially buried.........Leggi di più su: https://en.wikipedia.org/wiki/Porta_del_Popolo"
Statua di Goethe, 41.910946161681, 12.487339864623, 0, 1, https://thumbs.dreamstime.com/b/statua-di-goethe-e-di-schiller-weimar-33552389.jpg, "Oeuvre du sculpteur berlinois Ernst Waegener, située place de l'Université. Le monument fut inauguré le 1er mai 1904 en souvenir des études universitaires que fit Goethe à Strasbourg, de 1770 à 1771.........Leggi di più su: https://www.archi-wiki.org/Adresse:Statue_de_Goethe_(Strasbourg)"
Piazzale delle Nazioni Unite, 41.835621699143, 12.471997379467, 0, 0, http://static.panoramio.com/photos/large/2012940.jpg, "Visualizza la mappa di Tivoli - Piazzale Nazioni Unite - CAP 00019: cerca indirizzi, vie, cap, calcola percorsi stradali e consulta la cartina della città: porta con te gli stradari Tuttocittà.........Leggi di più su: https://www.tuttocitta.it/mappa/tivoli/piazzale-nazioni-unite"
Arco di Villa Pamphilj, 41.877141594887, 12.455443739891, 1, 0, http://photos.wikimapia.org/p/00/01/06/51/20_big.jpg, "LA STORIA DI VILLA PAMPHILI Villa Pamphili, il parco La famiglia Pamphilj, originaria di Gubbio e trasferitasi a Roma nel Quattrocento, è ricordata per avere dato i natali ad Innocenzo X, il papa del Barocco, divenuto celebre, tra l’altro, per aver ordinato l’abbattimento dei campanili di Bernini.........Leggi di più su: https://www.passaggilenti.com/villa-pamphili-parco-roma"
Vascello (Il), 41.890696, 12.426419, 1, 0, https://cdn.thinglink.me/api/image/775347737473318912/1240/10/scaletowidth, "Climatisé et lumineux, l'établissement moderne Hotel Ristorante Il Vascello dispose d'une connexion Wi-Fi et d'un parking gratuits. Situé à seulement 350 mètres de la plage de sable sur la côte sud-est de la Sardaigne, il dispose d'une piscine avec un coin hydromassage.........Leggi di più su: https://www.booking.com/hotel/it/ristorante-il-vascello.fr.html"
Piazzale Ugo La Malfa, 41.885459394209, 12.484405594547, 1, 0, http://c0056906.cdn2.cloudfiles.rackspacecloud.com/173030.jpg, "His commitment to infrastructure within the Mezzogiorno has aided commerce there for fifty years. In Rome, Piazzale Romolo e Remo was renamed Piazzale Ugo La Malfa, and his hometown of Palermo named Via Ugo La Malfa in honor of him. His son, Giorgio La Malfa, is president of the party, and was Minister for European Affairs in Italy until 2006.........Leggi di più su: https://en.wikipedia.org/wiki/Ugo_La_Malfa"
Arco di Dolabella, 41.885796045509, 12.495555102456, 1, 0, http://www.archeoroma.com/Celio/arco_di_Dolabella_e_Silano-file/arco1.JPG, "The Arch of Dolabella and Silanus (Latin, Arcus Dolabellae et Silani) or Arch of Dolabella is an ancient Roman arch. It was built by senatorial decree in 10 AD by the consuls P. Cornelius Dolabella and C. Junius Silanus. The arch is located on the Caelian Hill, at the north corner of the site of the Castra Peregrina.........Leggi di più su: https://en.wikipedia.org/wiki/Arch_of_Dolabella"
Cortile della Pigna, 41.905957392121, 12.454395265745, 0, 1, http://www.musei-vaticani.it/wp-content/uploads/2017/01/cortile-della-pigna.jpg, "La Cortile della Pigna est une des cour du Musei Vaticani. Dans une des niches, au dessus d'une fontaine se trouve une grande pomme de pin en bronze entourée par deux paons (en bronze également). La cour est très agréable pour vous poser sur un banc et grignoter un morceau au…........Leggi di più su: https://www.tripadvisor.fr/Attraction_Review-g187793-d12219921-Reviews-Cortile_della..."
San Gioacchino, 41.909192459801, 12.465575427461, 0, 1, http://www.chiesamatrimonio.it/img/San%20Gioacchino/img1.JPG, "L' église San Gioacchino in Prati (en français : Église Saint-Joachim-à-Prati) est une église romaine située dans le rione de Prati sur la via Pompeo Magno à côté de la piazza dei Quiriti.........Leggi di più su: https://fr.wikipedia.org/wiki/Église_San_Gioacchino_in_Prati"
Tempio di Ercole Vincitore, 41.875339, 12.444927, 1, 0, http://www.bandb-rome.it/images/tempio_ercole_vincitore.jpg, "Il Tempio di Ercole Vincitore o Ercole Invitto o Ercole Oleario, sorge in piazza della Bocca della Verità a Roma, poco distante dal Tempio di Portuno all'interno del foro Boario.........Leggi di più su: https://it.wikipedia.org/wiki/Tempio_di_Ercole_Vincitore"
Fontana dei Tritoni, 41.888709368989, 12.481202622607, 1, 0, https://i.pinimg.com/originals/dc/8c/fc/dc8cfc3ad5be96c68fffd53909ead2b8.jpg, "A beautiful fountain from the early eighteenth century The Triton Fountain is located in Rome, at Piazza della Bocca della Verità, opposite the Basilica of Santa Maria in Cosmedin. It was completed in 1715 by architect Carlo Francesco Bizzaccheri on the occasion of work related to placing the square in front of the basilica.........Leggi di più su: https://www.tripadvisor.com/Attraction_Review-g187791-d10183986-Reviews-Fontana_Dei..."
Bernini's Elephant, 41.897990303602, 12.477484600277, 1, 0, http://2.bp.blogspot.com/-EMWNrZo7ZuQ/UFKz5JNpNLI/AAAAAAAAAvk/7L60QLgCy80/s1600/2.%2Bil%2Bpulcin%2B-%2B2-784290.JPG, "Elephant and Obelisk is the base of the smallest obelisk of Rome, with a height of 5.47 meters: there are other 12 ancient obelisks present in Rome nowadays. The statue is a sculpture designed by the Italian artist Gian Lorenzo Bernini.The elephant was probably carved by his assistant Ercole Ferrata; the Egyptian obelisk was uncovered during nearby excavations and belonged to Pharaoh Apries of ...........Leggi di più su: https://en.wikipedia.org/wiki/Elephant_and_Obelisk"
House of the Vestals, 41.891707530154, 12.48636549939, 1, 0, https://upload.wikimedia.org/wikipedia/commons/thumb/a/a7/House_of_the_Vestal_Virgins_(Atrium_Vestae)%2C_Upper_Via_Sacra%2C_Rome_(9114141425).jpg/1280px-House_of_the_Vestal_Virgins_(Atrium_Vestae)%2C_Upper_Via_Sacra%2C_Rome_(9114141425).jpg, "The House of the Vestals was rebuilt several times in the course of the Empire. After the dissolution of the College of the Vestals and the introduction of compulsory Christianity by Theodosius I in the late 4th century AD, the House of the Vestals continued to serve as a residence building.........Leggi di più su: https://en.wikipedia.org/wiki/House_of_the_Vestals"
Marcus Aurelius, 41.893360587021, 12.482759300522, 1, 0, https://upload.wikimedia.org/wikipedia/commons/3/33/L%27Image_et_le_Pouvoir_-_Buste_cuirass%C3%A9_de_Marc_Aur%C3%A8le_ag%C3%A9_-_3.jpg, "Marc Aurèle (né le 26 avril 121 à Rome et mort le 17 mars 180, probablement à Vindobona) est un empereur romain, ainsi qu'un philosophe stoïcien qui dirige l' Empire romain à son apogée. Il accède au pouvoir le 8 mars 161 et règne jusqu'à sa mort en 180, qui correspond à la fin de la Pax Romana.........Leggi di più su: https://fr.wikipedia.org/wiki/Marc_Aurèle"
Idrocronometro, 41.911707212832, 12.480698666688, 0, 1, https://malkehats.files.wordpress.com/2013/01/img_9425.jpg, "Idrocronometro del Pincio à Rome: découvrez les horaires, comment s'y rendre, comparez les prix, réservez et regardez les photos et expériences. Construit en 1867 par Giovan Battista Embriaco, ressemble à un bel exemple de l'architecture mécanique» dans l'environnement naturel de la Villa Borghese. En fait, le hydrochronometer, avec ses quadrants qui rappellent la section d'un arbre est ...........Leggi di più su: https://www.monnuage.fr/point-d-interet/idrorologio-a112874"
Passetto (Il), 41.901586458304, 12.463537499301, 0, 1, https://upload.wikimedia.org/wikipedia/commons/thumb/6/6f/Passetto_di_Borgo_from_Castel_Sant'Angelo_01.jpg/1200px-Passetto_di_Borgo_from_Castel_Sant'Angelo_01.jpg, "Le Passetto di Borgo, ou simplement Passetto, (en français : petit passage) est un passage fortifié et surélevé qui relie la place Saint-Pierre de la cité du Vatican au château Saint-Ange, à Rome.........Leggi di più su: https://fr.wikipedia.org/wiki/Passetto_di_Borgo"
Ninfeo Villa Giulia, 41.918348096726, 12.475648031622, 0, 1, https://upload.wikimedia.org/wikipedia/commons/3/3e/Villa_Giulia_-_ninfeo_2099.JPG, "Villa Giulia è un edificio di Roma che si trova lungo l'attuale viale delle Belle Arti, alle pendici dei monti Parioli, non distante da via Flaminia.. Costruita come residenza estiva fuori porta di papa Giulio III, cui deve il nome, passò allo Stato italiano con la presa di Roma del 1870 e adibito in seguito a sede del Museo nazionale etrusco, sua attuale destinazione d'uso.........Leggi di più su: https://it.wikipedia.org/wiki/Villa_Giulia"
Galleria Sciarra, 41.899611026243, 12.482165744564, 1, 0, https://upload.wikimedia.org/wikipedia/commons/thumb/5/52/Galleriasciarra1.jpg/1200px-Galleriasciarra1.jpg, "La galerie Sciarra est un passage couvert de Rome, dans le quartier de Trevi.........Leggi di più su: https://fr.wikipedia.org/wiki/Galerie_Sciarra"
Montesacro, 41.935472318959, 12.534119172494, 0, 1, https://3.bp.blogspot.com/-D9RnOCWaJfQ/V-qVsdOQUpI/AAAAAAAAArs/99qbBC2xp-sNonEle8HuZPwkpef669NNwCLcB/s1600/Montesacro%2B2.JPG, "Montesacro is the name of a neighborhood of Rome, a hardscrabble working class quarter, like many others affected by the aftermath of the Second World War. Our goal is to pay an homage to those days and to the people who lived throughout that tumultuous time.........Leggi di più su: https://www.<b>montesacro</b>sf.com"
Fontana delle Anfore, 41.882849815587, 12.476099431515, 1, 0, https://studioarchihouse.files.wordpress.com/2014/07/fontana-delle-anfore-1.jpg, "La Fontana delle Anfore è una fontana di Roma. Fu realizzata dall'architetto Pietro Lombardi, vincitore dell'apposito concorso pubblico, nel 1927, pochi anni dopo l'istituzione ufficiale del rione.........Leggi di più su: https://it.wikipedia.org/wiki/Fontana_delle_Anfore"
Tomba del Beato Giovanni Paolo II, 41.90219437752, 12.457060041699, 0, 1, https://i.ytimg.com/vi/eK9_1S1ZoW8/maxresdefault.jpg, "27 febbraio 2013 S. Messa sulla tomba del Beato Giovanni Paolo II celebrata da don Luigi Pellegrini nel giorno dell'Ultima udienza del Santo Padre Benedetto XVI.........Leggi di più su: https://www.youtube.com/watch?v=YSZTBuhommM"
Obelisco del Foro Italico, 41.931927601208, 12.458839416504, 0, 1, http://www.leviedelgiubileo.it/wp-content/uploads/2016/01/extra_obelisco-foro-italico_2-1024x684.jpg, "Mussolini Obelisk at the Center of Foro Italico Touring Rome, I was intrigued that the Mussolini Obelisk (aka Il Monolito or The Monolith), is the only remaining public commemoration of Benito Mussolini, as all other Mussolini memorabilia were removed after World War II. The obelisk is made of Carrara-Marble.........Leggi di più su: https://www.tripadvisor.com/Attraction_Review-g187791-d246081-Reviews-Obelisco_del..."
Fontana dell'Acqua Felice, 41.904289307828, 12.49454498291, 0, 1, https://upload.wikimedia.org/wikipedia/commons/thumb/3/3e/RomaFontanaAcquaFelicePiazzaSanBernardo.JPG/1200px-RomaFontanaAcquaFelicePiazzaSanBernardo.JPG, "La Fontana dell'Acqua Felice (du nom de baptême du Pape Sixte V, Felice Peretti, commanditaire de la fontaine) fut bâtie par Domenico Fontana entre 1585 et 1587. C'est une fontaine en portique (tout comme al Fontana dell'Acqua Paola construite sur le même modèle).........Leggi di più su: https://fr.wikipedia.org/wiki/Fontana_dell'Acqua_Felice"
Fontana di Cinecittà Est, 41.852381304993, 12.590439319611, 0, 0, https://cinecitta.com/photo.aspx?s=1&w=850&path=%2fpublic%2fnews%2f0008%2f8825%2fIMG-8889.JPG, "Vous avez 5 manières de vous rendre de Barberini - Fontana di Trevi (métro de Rome) à Cinecittà. La moins chère est en métro, ce qui coûte 1€. La plus rapide est en taxi, ce qui prendrait 13 mins.........Leggi di più su: https://www.rome2rio.com/fr/s/Barberini-Fontana-di-Trevi-métro-de-Rome/Cinecittà"
Villa Lante, 41.893142954606, 12.460615039706, 1, 0, https://upload.wikimedia.org/wikipedia/commons/thumb/5/54/Bagnaia_Villa_Lante_04.JPG/1200px-Bagnaia_Villa_Lante_04.JPG, "La villa est connue sous le nom de « Villa Lante de Bagnaia ». Elle ne reçut toutefois cette dénomination qu'au XVIIe siècle, quand elle devint la propriété d'Ippolito Lante Montefeltro della Rovere, duc de Bomarzo, alors qu'elle existait déjà depuis une centaine d'années. Auparavant elle s'appelait la Villa Gambara.........Leggi di più su: https://fr.wikipedia.org/wiki/Villa_Lante"
Obelisco di Marconi, 41.833534457441, 12.470855712891, 0, 0, https://upload.wikimedia.org/wikipedia/commons/2/21/EUR_Obelisco_Guglielmo_Marconi_2.jpg, "L' obelisco di Marconi, o obelisco dell'EUR, è un obelisco di Roma, annoverato tra i più moderni insieme al Novecento, a quello del Foro Italico, a quelli di villa Torlonia e a quello di villa Medici. Opera dello scultore Arturo Dazzi, è intitolato al fisico, inventore e senatore Guglielmo Marconi.........Leggi di più su: https://it.wikipedia.org/wiki/Obelisco_di_Marconi"
Mausoleo di Cecilia Metella, 41.851997172595, 12.520831724659, 0, 0, https://upload.wikimedia.org/wikipedia/commons/thumb/6/65/METELLA10223.jpg/290px-METELLA10223.jpg, "The Tomb of Caecilia Metella (Italian: Mausoleo di Cecilia Metella) is a mausoleum located just outside Rome at the three mile marker of the Via Appia.........Leggi di più su: https://en.wikipedia.org/wiki/Tomb_of_Caecilia_Metella"
Fontana del Moro, 41.897986, 12.473153160985, 1, 0, https://upload.wikimedia.org/wikipedia/commons/thumb/e/eb/Piazza_Navona%2C_Roma_-_fc11.jpg/1200px-Piazza_Navona%2C_Roma_-_fc11.jpg, "Fontana del Moro (Moor Fountain) is a fountain located at the southern end of the Piazza Navona in Rome, Italy. It represents a Moor, or African (perhaps originally meant to be Neptune), standing in a conch shell, wrestling with a dolphin, surrounded by four Tritons. It is placed in a basin of rose-colored marble. Fontana del Moro, Piazza Navona (Rome) Photo by Paolo Monti, 1960. The fountain ...........Leggi di più su: https://en.wikipedia.org/wiki/Fontana_del_Moro"
Scuderie del Quirinale, 41.898794915535, 12.486595090448, 1, 0, https://upload.wikimedia.org/wikipedia/commons/thumb/9/99/RomaScuderie-del-Quirinale.jpg/1200px-RomaScuderie-del-Quirinale.jpg, "Le Scuderie del Quirinale si trovano a Roma, in via XXIV Maggio numero 16. Nuovi orari di apertura al pubblico dal 19 giugno Da domenica a giovedì dalle ore 8.00 alle ore 23.00 (ultimo ingresso ore 21.30) Venerdì e sabato dalle ore 8.00 alle ore 1.00 (ultimo ingresso ore 23.30) Prenotazione obbligatoria Per consultare le nuove modalità di visita clicca qui. Scopri. Newsletter: iscriviti e ...........Leggi di più su: https://www.scuderiequirinale.it"
Piazza di Pasquino, 41.897855, 12.472177, 1, 0, http://www.romeartlover.it/Vasi26af.jpg, "Dedicated to Child Jesus. On Piazza Pasquino, next to Piazza Navona, is the little Natività di Gesù Church, originally built in 1692 and altered several times thereafter. This small church, now abandened and crumbling, is usually closed to the public. It is located a few steps from Piazza Navona, in the…........Leggi di più su: https://www.tripadvisor.com/Attraction_Review-g187791-d246147-Reviews-Piazza_di..."
Monte Testaccio, 41.876208831813, 12.4761295681, 1, 0, http://lh3.googleusercontent.com/-luyd5rIRonA/VWBCWtohqrI/AAAAAAABCRE/-oZKLuxBQqE/monte-testaccio-76.jpg?imgmax=800, "Le mont Testaccio (italien : Monte Testaccio ; latin Mons Testaceus ; français Mont des tessons), à Rome, est, au sens propre, un immense dépotoir romain constitué de tessons d’amphores accumulés durant l’Antiquité, situé entre le mur d’Aurélien et le Tibre, à l’extrémité sud des fortifications.Il donne son nom au quartier du Testaccio.........Leggi di più su: https://fr.wikipedia.org/wiki/Monte_Testaccio"
Villa Dei Quintili, 41.831552341943, 12.554322179517, 0, 0, https://upload.wikimedia.org/wikipedia/commons/thumb/4/40/Villa_quintili.jpg/1200px-Villa_quintili.jpg, "Située entre la villa Appia et la nouvelle via Appia, la villa des Quintili présente les ruines d’une ancienne propriété d’une riche famille romaine.. Elle appartenait aux frères Quintilii, Sex. Quintilius Condianus et Sex. Quintilius Maximus qui furent consuls en 151.Très appréciés de Marc Aurèle, les Quintilii et leurs enfants étaient des figures de l'aristocratie sénatoriale ...........Leggi di più su: https://fr.wikipedia.org/wiki/Villa_des_Quintili"
Fontana del Nettuno, 41.899332389343, 12.473052442074, 1, 0, https://upload.wikimedia.org/wikipedia/commons/thumb/6/6b/Fontana_del_Nettuno_%28Bologna%29.jpg/1200px-Fontana_del_Nettuno_%28Bologna%29.jpg, "La fontaine de Neptune de Florence (Fontana del Nettuno), appelée aussi Il Biancone se trouve sur la Piazza della Signoria, juste à côté du Palazzo Vecchio.........Leggi di più su: https://fr.wikipedia.org/wiki/Fontaine_de_Neptune_(Florence)"
Palazzo Cardinal Cesi, 41.901735596063, 12.459988008357, 0, 1, https://media-cdn.tripadvisor.com/media/photo-s/05/2c/0b/5b/palazzo-cardinal-cesi.jpg, "Official website of Palazzo Cardinal Cesi , unique place close to St.Peter’s Basilica villas . Book your villa in Rome at the best price Book your villa in Rome at the best price The Palace was built in 1400 and was bought by Cardinal Pierdonato Cesi who had it restructured and refurbished, turning it into an antiques and art museum, and installing a well-endowed library.........Leggi di più su: https://www.palazzocesi.it"
Monumento a Giordano Bruno, 41.895742, 12.472226, 1, 0, https://upload.wikimedia.org/wikipedia/commons/thumb/5/53/Rome_statue_Giordano_Bruno_Campo_dei_Fiori.jpg/1200px-Rome_statue_Giordano_Bruno_Campo_dei_Fiori.jpg, "Il monumento a Giordano Bruno è una scultura in bronzo situata a Roma nel Campo de' Fiori e più precisamente nel luogo del rogo del filosofo avvenuto il 17 febbraio del 1600. La statua è stata realizzata da Ettore Ferrari ed è stata inaugurata il 9 giugno 1889.........Leggi di più su: https://it.wikipedia.org/wiki/Monumento_a_Giordano_Bruno"
Obelisco Vaticano, 41.902448705562, 12.457877401473, 0, 1, http://www.leviedelgiubileo.it/wp-content/uploads/2015/11/obelisco-vaticano-682x1024.jpg, "modifier - modifier le code - modifier Wikidata L'obélisque de la place Saint-Pierre, au Vatican. L' obélisque du Vatican est un obélisque égyptien , transporté à Rome par Caligula pour orner la spina de son nouveau cirque du Vatican . Il est érigé au centre de la place Saint-Pierre , depuis le 10 septembre 1586 , sur ordre du pape Sixte-Quint . Sommaire 1 Origine de l’obélisque 2 ...........Leggi di più su: https://fr.wikipedia.org/wiki/Obélisque_du_Vatican"
Statua di Jan Palach, 41.933866390292, 12.47469056398, 0, 1, https://media-cdn.tripadvisor.com/media/photo-s/0d/53/3a/25/statua-di-jan-palach.jpg, "Statua di Jan Palach, Rome: Address, Statua di Jan Palach Reviews: 3.5/5. Europe ; Italy ; Lazio ; Rome ; Things to Do in Rome ; Statua di Jan Palach; Search. COVID-19 Update: To limit the spread of the coronavirus, attractions may be closed or have partial closures. Please consult government travel advisories before booking. More information can be found here. Statua di Jan Palach. 3 Reviews ...........Leggi di più su: https://www.tripadvisor.com/Attraction_Review-g187791-d590557-Reviews-Statua_di_Jan..."
Monumento ad Anita Garibaldi, 41.893255812637, 12.460519865082, 1, 0, https://i.ytimg.com/vi/N5klHSg0tyc/hqdefault.jpg, "Voluto dal governo Mussolini per custodire le spoglie di Anita Garibaldi, il monumento fu realizzato dallo scultore Mario Rutelli e venne inaugurato il 4 giugno 1932 dalla regina Elena del Montenegro, nell'ambito delle celebrazioni per il 50º anniversario della morte di Giuseppe Garibaldi.........Leggi di più su: https://it.wikipedia.org/wiki/Monumento_ad_Anita_Garibaldi"
Tomba di Cecilia Metella, 41.852034271506, 12.520809318797, 0, 0, https://news.italy-museum.com/wp-content/uploads/2017/02/The-Tomb-of-Cecilia-Metella.jpg, "Il mausoleo di Cecilia Metella e il Castrum Caetani costituiscono un continuum archeologico, che sorge a Roma, poco prima del III miglio della Via Appia Antica, subito dopo il complesso costituito dal circo, dalla villa, e dal sepolcro del figlio dell'imperatore Massenzio, Valerio Romolo.........Leggi di più su: https://it.wikipedia.org/wiki/Mausoleo_di_Cecilia_Metella"
Fontana della Terrina, 41.89781, 12.468853, 1, 0, https://upload.wikimedia.org/wikipedia/commons/thumb/5/5c/Fontana_della_chiesa_nuova.JPG/1200px-Fontana_della_chiesa_nuova.JPG, "La fontana della Terrina (ma il nome le fu attribuito solo diversi anni dopo l'edificazione) è una fontana romana posta attualmente in piazza della Chiesa Nuova nel rione Parione. La fontana, fino al 1899, si trovava al centro di piazza Campo de' Fiori, dove oggi c'è il monumento a Giordano Bruno di Ettore Ferrari.........Leggi di più su: https://it.wikipedia.org/wiki/Fontana_della_Terrina"
Parco Appio Claudio, 41.851573520062, 12.55954438872, 0, 0, https://s.iha.com/00181336466/Appio-claudio-Il-parco-dell-acquedotto-appio-claudio.jpeg, "Il Parco degli Acquedotti di Roma (Quartiere Appio Claudio)........Leggi di più su: https://www.parcodegliacquedotti.it"
Palazzo Ruspoli, 41.904245, 12.478983, 0, 1, https://www.palazzo-ruspoli.it/wp-content/uploads/2016/03/118.jpg, "Bed and breakfast Palazzo Ruspoli, accoglienti camere nel centro storico Le sue 15 camere a Firenze sono la soluzione perfetta per dormire nel centro storico. Sono suddivise in quattro differenti tipologie singole, doppie e triple: Deluxe, Superior con vista, Comfort e Queen.........Leggi di più su: https://www.palazzo-ruspoli.it"
Monumento a Garibaldi, 41.891471966047, 12.461180490585, 1, 0, https://upload.wikimedia.org/wikipedia/commons/thumb/4/49/La_Spezia_-_Giuseppe_Garibaldi.jpg/1200px-La_Spezia_-_Giuseppe_Garibaldi.jpg, "Le monument à Garibaldi, à Nice, a été inauguré en 1891 sur la place Garibaldi. C'est une œuvre des sculpteurs Antoine Étex et Gustave Deloye.........Leggi di più su: https://fr.wikipedia.org/wiki/Monument_à_Garibaldi_(Nice)"
Area Sacra, 41.895548018016, 12.476700695399, 1, 0, http://ancientrome.ru/art/artwork/arch/rom/rome/area-sacra/arg01.jpg, "L’Area Sacra a été découverte entre 1926 et 1930, lorsque les chantiers d’un nouvel édifice avaient été lancés. Au IIIe siècle, la zone accueillait quatre temples, le théâtre et la curie de Pompée, lieu où Jules César fut assassiné. Puisque l’on ignore à quelles divinités étaient dédiés les temples, ces derniers ont été renommés par les lettres A, B, C et D. La ...........Leggi di più su: https://www.visitonsrome.com/area-sacra"
Le Quattro Fontane, 41.9019677, 12.4907112, 0, 1, https://upload.wikimedia.org/wikipedia/commons/thumb/8/80/San_Carlo_alle_Quattro_Fontane_-_Front.jpg/1200px-San_Carlo_alle_Quattro_Fontane_-_Front.jpg, "Le Quattro Fontane, Taormina : consultez 31 avis sur Le Quattro Fontane, noté 4 sur 5 sur Tripadvisor et classé #161 sur 249 restaurants à Taormina.........Leggi di più su: https://www.tripadvisor.fr/Restaurant_Review-g187892-d2139745-Reviews-Le_Quattro..."
Fontana delle Tartarughe, 41.893862183462, 12.477495798957, 1, 0, https://studioarchihouse.files.wordpress.com/2016/05/fontana-delle-tartarughe-3.jpg, "The Fontana delle Tartarughe (The Turtle Fountain) is a fountain of the late Italian Renaissance, located in Piazza Mattei, in the Sant'Angelo district of Rome, Italy. It was built between 1580 and 1588 by the architect Giacomo della Porta and the sculptor Taddeo Landini.........Leggi di più su: https://en.wikipedia.org/wiki/Fontana_delle_Tartarughe"
Villa Medici - Accademia di Francia a Roma, 41.908265743942, 12.482432126999, 0, 1, https://culturainternazionale.files.wordpress.com/2009/10/accademia-di-francia-a-roma.jpg, "L’Accademia di Francia a Roma – Villa Medici, fulcro della vita culturale romana ed europea, si trova sulla collina del Pincio, nel cuore di Roma.........Leggi di più su: https://www.villamedici.it"
Monte del Grano (Il), 41.866531, 12.546809, 1, 0, http://www.sovraintendenzaroma.it/sites/default/files/storage/images/i_luoghi/roma_antica/monumenti/mausoleo_di_monte_del_grano/mausoleo_di_monte_del_grano/mausoleo_di_monte_del_grano__1/59414-1-ita-IT/mausoleo_di_monte_del_grano.jpg, "Monumento situato poco distante dalla via Tuscolana, presso largo dei Quintili e all’interno del Parco XVII aprile 1944, si tratta di un sepolcro a tumulo, nell’aspetto attuale molto simile ad un poggio naturale, il cui nome deriva probabilmente dalla forma della tomba, che nel passato era........Leggi di più su: https://www.parcodegliacquedotti.it/il-nostro-esperto-monte-del-grano"
Via dei Coronari, 41.900488306067, 12.46973991394, 0, 1, https://upload.wikimedia.org/wikipedia/commons/8/84/Roma_Via_dei_Coronari.jpg, "La Via dei Coronari est une rue célèbre de Rome, d'environ 500 mètres de long, située dans le rione Ponte. Dans la rue, il y a aussi le théâtre portant ce nom.........Leggi di più su: https://fr.wikipedia.org/wiki/Via_dei_Coronari"
Fosse Ardeatine, 41.859077535285, 12.510855948682, 0, 0, https://scoprendoroma.info/wp-content/uploads/2018/04/fosse-ardeatine.jpg, "Le massacre des Fosses ardéatines désigne le massacre de 335 civils italiens perpétré par les troupes d'occupation nazies à Rome le 24 mars 1944. Ce massacre fut commis en représailles à un attentat le jour précédent, via Rasella. Les Fosses sont devenues un monument ouvert au public.........Leggi di più su: https://fr.wikipedia.org/wiki/Massacre_des_Fosses_ardéatines"
Colonna di Marco Aurelio, 41.90083, 12.48, 0, 1, https://upload.wikimedia.org/wikipedia/commons/thumb/f/f1/La_Colonna_di_Marco_Aurelio_%285966172297%29.jpg/1200px-La_Colonna_di_Marco_Aurelio_%285966172297%29.jpg, "La colonna fu fatta erigere dal figlio di Marco Aurelio, Commodo, durante il suo impero (180-192), insieme agli otto pannelli che ornano l'attico dell'arco di Costantino ed ai tre conservati nei Musei Capitolini e che, in realtà, erano originariamente destinati a qualche monumento ufficiale, forse un arco onorario. Il basamento era ornato da una serie di bassorilievi che furono distrutti ...........Leggi di più su: https://it.wikipedia.org/wiki/Colonna_di_Marco_Aurelio"
Catacombe di Priscilla, 41.929711621527, 12.508783605773, 0, 1, https://www.lamoneta.it/uploads/monthly_2016_12/585d255350780_CatacombePriscilla.3.jpg.png.72217d8d5bb34345a2fc3e7a489ccfcd.png, "La catacomba di Priscilla, conosciuta in tutti i documenti topografici e liturgici antichi, si apre sulla Via Salaria con ingresso presso il convento delle Suore Benedettine di Priscilla. Per la quantità di martiri qui sepolti, questo cimitero era chiamato la regina catacumbarum.........Leggi di più su: www.catacombepriscilla.com"
Catacombe di Domitilla, 41.858924566863, 12.505473535976, 0, 0, https://i.pinimg.com/originals/2c/6a/6d/2c6a6da05c9ba99228068306657fbf82.jpg, "Le Catacombe di Domitilla sono il più grande ed il più antico cimitero sotterraneo di Roma, facente parte della proprietà di Flavia Domitilla e risalente all’anno 120 d.c. Gli affreschi conservati sono una espressione della fede dei primi cristiani.........Leggi di più su: https://www.catacombedomitilla.it"
Scala Santa, 41.886975754567, 12.506470467383, 1, 0, https://upload.wikimedia.org/wikipedia/commons/thumb/8/8f/Rom%2C_die_Heilige_Treppe.JPG/1200px-Rom%2C_die_Heilige_Treppe.JPG, "<b>Scala Santa</b> - Sainte-Anne-de-Beaupré <b>Scala Santa</b> [menu items] La « <b>Scala Santa</b> » est l'escalier que Jésus…........Leggi di più su: https://sanctuairesainteanne.org/fr/sanctuaire/sca…"
Domus Aurea, 41.890998048112, 12.496798359711, 1, 0, https://www.theintrepidguide.com/wp-content/uploads/2016/09/Domus-Aurea-Rotating-Room.jpg, "Guide To Underground Rome From Cloaca Massima To Domus Aurea The Most Fascinating Underground Sites Of The Capital - freetosebooks.xyz........Leggi di più su: http://freetosebooks.xyz/8874489943-Guide-to-Under…"
Palazzo del Quirinale, 41.899391649963, 12.486595090448, 1, 0, http://www.portofrome.it/wp-content/uploads/2015/01/1-Roma_-_quirinale_interno.jpg, "il Quirinale è uno dei luoghi principali in cui si svolge la vita della Repubblica italiana. La visita del Palazzo, con l’apertura quotidiana e l’accesso del pubblico a nuovi ambienti, conduce alla scoperta di un patrimonio di arte, storia e cultura di inestimabile valore, espressione dell’operosità, della creatività e del genio degli italiani; permette allo stesso tempo di conoscere ...........Leggi di più su: https://palazzo.quirinale.it"
L'Ipogeo di Via Livenza, 41.91357, 12.495067, 0, 1, https://scoprendoroma.info/wp-content/uploads/2017/04/ipogeo-via-Livenza.jpg, "Coordinate. L'Ipogeo di via Livenza è una costruzione sotterranea antica situata presso l'attuale via Livenza a Roma, a nord del colle Quirinale, poco lontano dalle mura Aureliane, dove si trovava l'ampio Sepolcreto salario. Si tratta di un edificio dalla pianta allungata, simile a quella di un circo (21x7 metri), orientato sull'asse nord-sud, con vari ambienti laterali.........Leggi di più su: https://it.wikipedia.org/wiki/Ipogeo_di_via_Livenza"
Obelisco Lateranense, 41.886998265879, 12.504863059801, 1, 0, https://upload.wikimedia.org/wikipedia/commons/thumb/6/62/Obelisco_lateranense.jpg/1200px-Obelisco_lateranense.jpg, "The Lateran Obelisk is the largest standing ancient Egyptian obelisk in the world, and it is also the tallest obelisk in Italy. It originally weighed 413 tonnes (455 short tons), but after collapsing and being re-erected 4 metres (13 ft) shorter, now weighs around 300 tonnes (330 short tons).........Leggi di più su: https://en.wikipedia.org/wiki/Lateran_Obelisk"
Motorizzazione Civile Di Roma (Casilina), 41.875953681481, 12.605562732254, 0, 0, http://www.soluzioniperstranieri.com/wp-content/uploads/2013/04/prova1.jpg, "Uffici della Motorizzazione civile del Lazio - avvisi periodo emergenza Covid19: Avviso 24 - Accesso all'Ufficio - Accesso agli sportelli - Informazioni Avviso 25 - Prenotazione esami e operazioni tecniche (revisioni e collaudi) Avviso 26 - Attività operativa 'conto privato' Avviso 27 - Operazioni tecniche Avviso 28 - Esami abilitazioni di guida - Esami patente nautica Avviso 29 - Proroghe e ...........Leggi di più su: www.motorizzazioneroma.it"
Porta Sant'Anna, 41.903920853195, 12.457692655256, 0, 1, http://karmaroma.joydaz.ca/wp-content/uploads/2015/01/1422301206555.jpg, "Porta Sant'Anna, Lucques: 1,362 villas à louer. Trouvez la location de vacances parfaite pour partir en famille ou entre amis sur Abritel. Paiement en ligne sécurisé.........Leggi di più su: https://www.abritel.fr/search/keywords:porta-santanna-lucques-toscane-italie/filter:83"
Arco di Giano, 41.889307577733, 12.482571601868, 1, 0, https://upload.wikimedia.org/wikipedia/commons/8/8a/Roma_rione_Ripa_arco_di_Giano.jpg, "L' <b>arco di Giano</b> è un tetrapilo, un arco quadrifronte (ossia con quattro arcate) di Roma.........Leggi di più su: https://it.wikipedia.org/wiki/Arco_di_Giano"
Palazzo Pallavicini-Rospigliosi, 41.897647727629, 12.487659055045, 1, 0, https://upload.wikimedia.org/wikipedia/commons/thumb/4/4d/Monti_-_Palazzo_Rospigliosi-Pallavicini_1020787.JPG/1200px-Monti_-_Palazzo_Rospigliosi-Pallavicini_1020787.JPG, "The Palazzo Pallavicini-Rospigliosi is a palace in Rome, Italy. It was built by the Borghese family on the Quirinal Hill; its footprint occupies the site where the ruins of the baths of Constantine stood, whose remains still are part of the basement of the main building, the Casino dell'Aurora.........Leggi di più su: https://en.wikipedia.org/wiki/Palazzo_Pallavicini-Rospigliosi"
Accademia Libica, 41.952839380119, 12.45602860321, 0, 0, https://image.isu.pub/121019141650-b217e62b6cc6484cb8b31bb59fff7e32/jpg/page_1.jpg, "<b>Accademia Libica</b> - Academia.edu Academia.edu is a place to share and follow research.........Leggi di più su: accademialibica.academia.edu"
Presidenza del Consiglio dei Ministri Scuola Superiore della Pubblica Amministrazione, 41.936397627789, 12.46130925702, 0, 1, https://upload.wikimedia.org/wikipedia/it/8/85/Scuola_Superiore_Pubblica_Amministrazione_francobollo.jpg, "Club dei Formatori: incontro con le Amministrazioni per la nuova programmazione delle attività formative alla SNA. Il 24 giugno 2020 si svolge l’incontro - in modalità virtuale - del Club dei Formatori, riservato ai Referenti della formazione delle Amministrazioni centrali, per un confronto sulle linee programmatiche delle attività ...........Leggi di più su: www.sna.gov.it"
Obelisco di Dogali, 41.902178, 12.497492, 0, 1, https://www.reizen-en-reistips.nl/wp-content/uploads/2014/09/obelisco-di-dogali-rome-italie.jpg, "Dal 1916 anche la piazza antistante la Stazione Termini è dedicata ai 500 caduti di Dogali, col nome di Piazza dei Cinquecento. Descrizione [ modifica | modifica wikitesto ] Il monumento è costituito da un obelisco egizio, uno dei dieci oggi presenti a Roma, e da un basamento che ospita sui quattro lati le lapidi con i nomi dei caduti su due colonne e raccolti secondo il grado militare di ...........Leggi di più su: https://it.wikipedia.org/wiki/Obelisco_di_Dogali"
Monumento Ciceruacchio, 41.888866424561, 12.461494445801, 1, 0, https://upload.wikimedia.org/wikipedia/commons/a/a5/Monumento_ad_Angelo_Brunetti_detto_Ciceruacchio_(Ca'_Tiepolo%2C_Porto_Tolle).jpg, "MONUMENTO A CICERUACCHIO. Passeggiata del Gianicolo. 1907 Ettore Ximenes (1855/1926) Shown in the moment of his execution in 1849 with his son Lorenzo. The original location of the monument was Lungotevere Arnoldo da Brescia. In 1959 it was moved slightly in Lungotevere in Augusta for the construction of the tunnels along the River Tiber and finally, in 2011, it was placed in the Promenade of ...........Leggi di più su: https://romapedia.blogspot.com/2014/03/monument-to-ciceruacchio.html"
Ministero dei Trasporti - DG Sicurezza Stradale, 41.913260708308, 12.530141739427, 0, 1, http://www.gdc.ancitel.it/wp-content/uploads/2017/05/sicurezza-stradale-605x340.jpg, "Direzione Generale per la Sicurezza Stradale I contatti dirigenziali sono alla pagina Articolazione degli uffici in Amministrazione trasparente Si informa l'utenza che le PEC del Ministero possono ricevere esclusivamente i messaggi trasmessi da caselle di Posta Elettronica Certificata, quindi le richieste trasmesse con email tradizionale non verranno recapitate.........Leggi di più su: www.mit.gov.it/ministero/dipartimento-trasporti-navigazione-affari-generali/dg..."
Francesco uno di noi, 41.902342702158, 12.458543610022, 0, 1, http://www.eventiesagre.it/images/upload/image/2013/culturali/lombardia/dicembre/francesco_uno_di_noi.jpg, "Sansonetti, Vincenzo - Francesco, uno di noi Rizzoli Riportiamo la bella introduzione di Vincenzo Sansonetti a questo libro su Papa Francesco. Le immagini che lo raccontano ci mostrano, al di là degli stereotipi giornalistici cui siamo purtroppo abituati, il cuore grande e appassionato.........Leggi di più su: https://www.culturacattolica.it/.../scaffali/sansonetti-vincenzo-francesco-uno-di-noi"
Ufficio Reale, 41.945469, 12.473473, 0, 1, https://thumbs.dreamstime.com/b/spazio-di-ufficio-interno-appartamento-reale-22050821.jpg, "L’ufficio non è un semplice insieme di stanze, scrivanie e computer: l’ufficio è il luogo dove il tuo lavoro prende vita e dove le relazioni si trasformano in valore. Reale Mutua conosce le tue esigenze ed è per questo che ha studiato Protezione Ufficio , la soluzione modulare e flessibile pensata per i titolari di uffici, studi e agenzie.........Leggi di più su: https://www.realemutua.it/professionisti-e-imprese/azienda/protezione-ufficio"
A Umberto Re D'Italia, 41.91251373291, 12.488922119141, 0, 1, https://upload.wikimedia.org/wikipedia/commons/7/71/Umberto_I_Re_d%27Italia.jpg, "Humbert Ier (en italien Umberto I), né le 14 mars 1844 et mort le 29 juillet 1900, de la maison de Savoie, est roi d' Italie du 9 janvier 1878 jusqu'à son assassinat. Il est le fils de Victor-Emmanuel II et d' Adélaïde de Habsbourg-Lorraine.........Leggi di più su: https://fr.wikipedia.org/wiki/Humbert_Ier_(roi_d'Italie)"
Obelisco Pincio, 41.910900539661, 12.480166715636, 0, 1, https://upload.wikimedia.org/wikipedia/commons/thumb/c/ca/Antinous_obelisk_Rome.jpg/1920px-Antinous_obelisk_Rome.jpg, "Attractions près de Obelisco del Pincio : (0.27 Km) Eglise Santa Maria del Popolo (0.13 Km) Monte Pincio (0.20 Km) The San Carlino Gran Teatro Dei Piccoli (0.14 Km) Terrazza del Pincio (0.27 Km) Piazza del Popolo; Voir toutes les attractions près de Obelisco del Pincio sur Tripadvisor........Leggi di più su: https://www.tripadvisor.fr/Attraction_Review-g187791-d12860142-Reviews-Obelisco_del..."
Salone D'Onore Coni, 41.932918, 12.459099, 0, 1, https://www.olimpopress.it/wp-content/uploads/2016/03/Salone-donore-del-Coni.jpg, "CONI - Salone d'Onore, Rome, Italy. 498 likes · 41 talking about this · 7,496 were here. Public &amp; Government Service........Leggi di più su: https://www.facebook.com/pages/CONI-Salone-dOnore/163446817032107"
Monumento a San Francesco d'Assisi, 41.8862, 12.5095, 1, 0, http://static.panoramio.com/photos/large/18546471.jpg, "Monumento a San Francesco d'Assissi is a statue located in the coastal path in Monterosso al Mare, one of the five towns in Cinque Terre National Park, in La Spezia Region, in the North of Italy. In fact, it is located near from Church of San Francesco, in a upper zone in the…........Leggi di più su: https://www.tripadvisor.com/Attraction_Review-g187820-d5445100-Reviews-Monumento_a_San..."
Museo Francescano, 41.868901798346, 12.382553924886, 0, 0, http://www.amei.biz/MC-API/Risorse/StreamImmagineCategoriaMedia.ashx?id=1240, "Il Museo Francescano non è un museo artistico, storico o archeologico, anche se comprende molti oggetti di alta qualità artistica e di grande valore storico. Si colloca invece nella categoria dei musei specializzati. Attraverso gli oggetti esposti nelle sue sale, il museo illustra la storia dell'Ordine francescano.........Leggi di più su: istcap.org/museo-francescano.html"
Museo Storico Guardia di Finanza, 41.83300415805, 12.504857459117, 0, 0, https://images.placesonline.com/photos/81612__museo_storico_della_guardia_di_finanza.jpg, "Riapertura al pubblico del Museo Storico e delle Sezioni distaccate A partire da lunedì 22 giugno, in occasione del 246° Anniversario della Fondazione della Guardia di Finanza, il Museo Storico di Roma e le Sezioni distaccate riapriranno al pubblico, adottando tutte le misure di protezione e prevenzione necessarie.........Leggi di più su: museostorico.gdf.it"
Nemi: Museo delle Navi Romane e Sagra delle Fragole, 41.866573, 12.546836, 1, 0, http://newsgo.it/wp-content/uploads/2015/06/sagra-delle-fragole-di-nemi.jpg, "Il borgo di Nemi, situato nella zona dei Castelli romani, è un piccolo scrigno di tesori da scoprire fra cui il lago, il museo delle navi romane e le fragole.Adagiata fra i monti Albani, Nemi sorge nei pressi dell’omonimo lago che ne caratterizza lo scenario. Dalle sue terrazze panoramiche infatti si può godere della rilassante vista sullo specchio d’acqua e di splendidi tramonti.........Leggi di più su: https://www.ilmiotempomigliore.it/scopri-con-me-visite-ed-escursioni/passeggiata-a..."
Museo Pio Clementino, 41.906254736138, 12.454059374053, 0, 1, https://c1.staticflickr.com/9/8294/7757770198_34e731056f_b.jpg, "Le musée Pio-Clementino fait partie de l'ensemble des Musées du Vatican, à Rome. Situé dans le petit palais du Belvédère, il est le plus grand complexe des musées du Vatican. Comptant une douzaine de salles, il abrite d'importantes collections des périodes grecque et romaine, dont certains chefs-d'œuvre de l'art mondial.........Leggi di più su: https://fr.wikipedia.org/wiki/Musée_Pio-Clementino"
Galleria dei Candelabri, 41.905899433822, 12.454210525192, 0, 1, https://photos.travelblog.org/Photos/17776/378864/f/3535108-Galleria-dei-candelabri-1.jpg, "Galleria dei Candelabri La Galleria prende nome dai monumentali candelabri marmorei che abbinati a colonne in marmo colorato delimitano le sei sezioni espositive. Allestita sotto papa Pio VI Braschi tra il 1785 ed il 1788, venne completamente rinnovata nell'apparato decorativo durante il pontificato di Leone XIII Pecci (1878-1903).........Leggi di più su: www.museivaticani.va/.../Galleria-dei-Candelabri/galleria-dei-candelabri.html"
Galleria degli Arazzi, 41.906477084902, 12.453583529191, 0, 1, https://upload.wikimedia.org/wikipedia/commons/6/6b/0_l'Adoration_des_Mages_-_Galleria_degli_Arazzi.JPG, "The Galleria degli Arazzi. Next door to the Galleria dei Candelabri lies the Galleria degli Arazzi (Gallery of Tapestries). This is a deceptively simple room, yet it has treasures within. But the greatest miracle of these 27 tapestries is that they have survived at all. The tapestries were, for the most part, woven during the 1600s, though some are more recent. The impetus came from Pope Leo X ...........Leggi di più su: https://www.tickitaly.com/tickets/vatican-arazzi.php"
Appartamento di San Pio V, 41.905649897987, 12.453684296172, 0, 1, https://upload.wikimedia.org/wikipedia/commons/e/e9/0_Cappella_di_San_Pio_V_-_Palazzi_Pontifici_-_Vatican_(2).JPG, "Comprende la Galleria, due salette e una cappella. Fu voluto dal papa Pio V (1566-1572) e affrescato da Giorgio Vasari e Federico Zuccari. Vi sono esposti arazzi fiamminghi del XV e XVI secolo.........Leggi di più su: https://www.vaticanstate.va/it/monumenti/musei-vaticani/appartamento-di-pio-v.html"
Casale Della Cervelletta, 41.913254055849, 12.585608547267, 0, 0, https://upload.wikimedia.org/wikipedia/commons/thumb/f/fb/Casale_della_Cervelletta%2C_Rome%2C_Italy_-_01.jpg/1200px-Casale_della_Cervelletta%2C_Rome%2C_Italy_-_01.jpg, "Le Casale della Cervelletta est une ferme avec une tour médiévale qui domine le domaine homonyme, située dans la réserve naturelle de la Vallée dell'Aniene à Rome, via della Cervelletta, à la frontière entre les zones urbaines de Colli Aniene et Tor Sapienza, dans le secteur de l' Agro Romano dénommé Tor Cervara.........Leggi di più su: https://fr.wikipedia.org/wiki/Casale_della_Cervelletta"
Torretta Valadier, 41.936353, 12.465378, 0, 1, http://www.fabriziomosconi.com/foto/foto/flaminio/big/torretta_valadier.jpg, "The inestimable artistic heritage of Rome is the preferred destination for the many students who decide to benefit from the many cultural opportunities that the city ...........Leggi di più su: https://turismoroma.it/en/places/torretta-valadier-di-ponte-milvio"
Archivio Storico Istituto Luce, 41.850175599521, 12.574313879013, 0, 0, https://i.ytimg.com/vi/iwTlI6EbEzI/hqdefault.jpg, "Documentari Istituto Nazionale Luce (1924-1961) Documentari Istituto Luce SpA (1962-1998) Documentari Incom (1938-1965) Documentari Opus (1947-1966) Documentari Co-produzioni Luce (1968-1998) Documentari Astra (1954-1960) Documentari Ufa (1932-1944) Documentari Ciac (1949-1981) Documentari Sampaolo (1969) Documentari S.I.C. (1924-1926)........Leggi di più su: https://www.archivioluce.com"
Museo delle Mura, 41.875591204176, 12.504790250934, 1, 0, https://upload.wikimedia.org/wikipedia/commons/thumb/3/32/Porta_St._Sebastiano_Rome_2011_1.jpg/1200px-Porta_St._Sebastiano_Rome_2011_1.jpg, "The Museo delle Mura ("museum of the walls") is an archaeological museum in Rome, Italy.It is housed in the first and second floors of the Porta San Sebastiano at the beginning of the Appian Way. It provides an exhibition on the walls of Rome and their building techniques, as well as the opportunity to walk along the inside of one of the best-preserved stretches of the Aurelian Wall.........Leggi di più su: https://en.wikipedia.org/wiki/Museo_delle_Mura"
Appia Antica Ciampino, 41.799976082982, 12.584347513783, 0, 0, https://download.viamichelin.com/images/michelin_guide/max/NX-5926.jpg, "Situé à Rome, à 3,7 km de la Domus Aurea et à 3,8 km du Colisée, l'Appia Antica propose des hébergements dotés d'une connexion Wi-Fi gratuite et d'une télévision à écran plat. Offrant une vue sur le jardin, il se trouve à 4 km de la colline Palatine et à 4,3 km de la porte Majeure.........Leggi di più su: https://www.viamichelin.fr/web/Hotel/Rome-00147-_-cfhjb806"
Tomba Di Nerone, 41.967548736994, 12.440171122874, 0, 0, https://upload.wikimedia.org/wikipedia/commons/f/fb/Tomba_di_Nerone.jpg, "Tomba di Nerone est une zone de Rome (zona di Roma) située au nord-ouest de Rome en Italie. Elle est désignée dans la nomenclature administrative par Z.LIII et fait partie du Municipio XV. En 2009, sa population était estimée à 35 549 habitants répartis sur une superficie de 9,58 km².........Leggi di più su: https://fr.wikipedia.org/wiki/Tomba_di_Nerone"
Fontana del Mosè, 41.904333225643, 12.494426965713, 0, 1, http://static.panoramio.com/photos/large/6896692.jpg, "La fontana, o Mostra dell'Acqua Felice o anche fontana del Mosè, fu così chiamata in onore di papa Sisto V, al secolo Felice Peretti: intenzione del papa era di rifornire d'acqua i rioni sorgenti nei colli Viminale e Quirinale e in particolare la sua sontuosa e vastissima villa Montalto, che si estendeva su entrambi i colli.........Leggi di più su: https://it.wikipedia.org/wiki/Fontana_dell'Acqua_Felice"
Colonnato di Piazza San Pietro, 41.902245099709, 12.458324432373, 0, 1, https://www.tgtourism.tv/wp-content/uploads/2015/12/Piazza-San-Pietro.jpg, "Coordinate. Piazza San Pietro è la piazza antistante la basilica di San Pietro.. Posta a margine del centro storico di Roma, a 19 m s.l.m., la piazza fa parte della Città del Vaticano ed è delimitata dal confine con lo Stato italiano; attraverso il rione Borgo che giace a est, i principali accessi sono da via di Porta Angelica o da via della Conciliazione........Leggi di più su: https://it.wikipedia.org/wiki/Piazza_San_Pietro"
